{
  "hash": "90385b03",
  "configHash": "12cf48cd",
  "lockfileHash": "efdb0880",
  "browserHash": "b4cbbe5e",
  "optimized": {
    "@angular/common/http": {
      "src": "../../../../../node_modules/@angular/common/fesm2022/http.mjs",
      "file": "@angular_common_http.js",
      "fileHash": "f2da8e79",
      "needsInterop": false
    },
    "@angular/core": {
      "src": "../../../../../node_modules/@angular/core/fesm2022/core.mjs",
      "file": "@angular_core.js",
      "fileHash": "a90a4320",
      "needsInterop": false
    },
    "@angular/forms": {
      "src": "../../../../../node_modules/@angular/forms/fesm2022/forms.mjs",
      "file": "@angular_forms.js",
      "fileHash": "0a9ceded",
      "needsInterop": false
    },
    "@angular/platform-browser": {
      "src": "../../../../../node_modules/@angular/platform-browser/fesm2022/platform-browser.mjs",
      "file": "@angular_platform-browser.js",
      "fileHash": "b3da72fe",
      "needsInterop": false
    },
    "@angular/router": {
      "src": "../../../../../node_modules/@angular/router/fesm2022/router.mjs",
      "file": "@angular_router.js",
      "fileHash": "bf4324e9",
      "needsInterop": false
    }
  },
  "chunks": {
    "chunk-33HH5NDP": {
      "file": "chunk-33HH5NDP.js"
    },
    "chunk-7KOC3WQZ": {
      "file": "chunk-7KOC3WQZ.js"
    },
    "chunk-FJXJ7GQV": {
      "file": "chunk-FJXJ7GQV.js"
    },
    "chunk-S4QKGH5G": {
      "file": "chunk-S4QKGH5G.js"
    }
  }
}